{
  "train_loss": [
    5.956360824202331
  ],
  "val_loss": [
    5.295104925560229
  ],
  "val_bleu": [
    0.0
  ],
  "val_perplexity": [
    199.3585426759795
  ],
  "val_cer": [
    0.0
  ],
  "learning_rate": [
    0.001
  ]
}