{
  "train_loss": [
    5.985927762956242
  ],
  "val_loss": [
    5.5129309625336615
  ],
  "val_bleu": [
    0.0
  ],
  "val_perplexity": [
    247.87658038011426
  ],
  "val_cer": [
    0.0
  ],
  "learning_rate": [
    0.0005
  ]
}