{
  "train_loss": [
    6.049428106441324
  ],
  "val_loss": [
    5.564510593992291
  ],
  "val_bleu": [
    0.0
  ],
  "val_perplexity": [
    260.99743873333233
  ],
  "val_cer": [
    0.0
  ],
  "learning_rate": [
    0.001
  ]
}