{
  "train_loss": [
    5.776558090488237
  ],
  "val_loss": [
    5.105614696849476
  ],
  "val_bleu": [
    0.0
  ],
  "val_perplexity": [
    164.9454308121828
  ],
  "val_cer": [
    0.0
  ],
  "learning_rate": [
    0.001
  ]
}