{
  "train_loss": [
    5.826417669676573
  ],
  "val_loss": [
    5.236077908686954
  ],
  "val_bleu": [
    0.0
  ],
  "val_perplexity": [
    187.93157027793458
  ],
  "val_cer": [
    0.0
  ],
  "learning_rate": [
    0.0005
  ]
}