{
  "train_loss": [
    5.546448144375643
  ],
  "val_loss": [
    4.8979978778804325
  ],
  "val_bleu": [
    0.0
  ],
  "val_perplexity": [
    134.02118411688238
  ],
  "val_cer": [
    0.0
  ],
  "learning_rate": [
    0.001
  ]
}