{
  "train_loss": [
    6.047938314977025
  ],
  "val_loss": [
    5.502803071339925
  ],
  "val_bleu": [
    0.0
  ],
  "val_perplexity": [
    245.37878340330485
  ],
  "val_cer": [
    0.0
  ],
  "learning_rate": [
    0.001
  ]
}