{
  "train_loss": [
    5.8470071108507895
  ],
  "val_loss": [
    5.217854930415298
  ],
  "val_bleu": [
    0.0
  ],
  "val_perplexity": [
    184.5379125442088
  ],
  "val_cer": [
    0.0
  ],
  "learning_rate": [
    0.001
  ]
}