{
  "train_loss": [
    5.983591713079203
  ],
  "val_loss": [
    5.4220267613728845
  ],
  "val_bleu": [
    0.0
  ],
  "val_perplexity": [
    226.33738982484456
  ],
  "val_cer": [
    0.0
  ],
  "learning_rate": [
    0.001
  ]
}