{
  "train_loss": [
    5.923596205320039
  ],
  "val_loss": [
    5.186409360712225
  ],
  "val_bleu": [
    0.0
  ],
  "val_perplexity": [
    178.8253016275609
  ],
  "val_cer": [
    0.0
  ],
  "learning_rate": [
    0.001
  ]
}