{
  "train_loss": [
    5.979804692659697
  ],
  "val_loss": [
    5.292341966340036
  ],
  "val_bleu": [
    0.0
  ],
  "val_perplexity": [
    198.80848339797237
  ],
  "val_cer": [
    0.0
  ],
  "learning_rate": [
    0.001
  ]
}